Country	Income
A	43806.926920449056
A	62825.327196521335
A	46660.685387117446
A	54625.87901444537
A	41976.42803528323
A	43185.9246886719
A	67160.92625333868
A	67061.03856798557
A	46391.227670543776
A	51543.92727115312
A	50662.87550774683
A	44310.01288384331
A	48937.37737886861
A	62693.56581038052
A	64776.73514230119
A	47166.25886128756
A	56609.668656535265
A	49860.63327941811
A	50561.88320231759
A	58666.856562908244
A	71944.15307606214
A	43582.48098601633
A	55316.467983365765
A	48008.3155337746
A	63428.20469356331
A	62180.50850602658
A	44727.58890003852
A	50409.15340431732
A	58768.457680231375
A	42646.91731461912
A	46345.870505511775
A	62921.55720274535
A	60239.602423678785
A	47353.96620478189
A	52975.96350988034
A	44469.85283127773
A	63448.69736221705
A	54653.20166606481
A	54864.07746847847
A	61169.87514332631
A	49592.095134759096
A	54726.37641437525
A	59785.289054449015
A	46370.11957652845
A	57753.442363896786
A	58770.08864004724
A	57561.77425232045
A	63958.0246584151
A	52287.70896086618
A	48876.700129282865
A	56435.49416973349
A	51294.196399001456
A	48816.52275223267
A	51465.66146475749
A	75774.06486378348
A	66952.15325032872
A	41989.0631864205
A	56544.131723895815
A	53849.135729785354
A	52058.91178798298
A	44188.35581766783
A	69004.1736378492
A	57739.32777165879
A	68183.58519301658
A	44824.80511983377
A	53994.96594694498
A	67733.06719373648
A	39107.674914153846
A	42861.898983697945
A	55523.4519052032
A	53921.9756581062
A	59957.907128673876
A	61600.8630192554
A	63283.82573987301
A	37438.573405058676
A	62090.486123729104
A	51272.64568432686
A	57400.41176594144
A	49092.0240482618
A	62119.95112185983
A	44921.96883699658
A	48684.73783067632
A	55894.045952910164
A	47065.14528146298
A	62297.13212953465
A	47711.2529010082
A	45892.54243511841
A	41303.63063131164
A	55610.27794388443
A	34865.04254770413
A	68970.66865872197
A	50173.4308209605
A	65908.91551046153
A	62248.676805807234
A	65403.76107646879
A	62506.81439977207
A	40787.65336760591
A	62447.95870499768
A	53036.86112064576
A	56854.24320805131
A	52157.19312033701
A	53535.525173983646
A	59783.10265542218
A	58560.03327154129
A	37579.77467612468
A	61344.683013334834
A	55829.36224451132
A	57809.35437540953
A	54574.24693869858
A	56364.93516471687
A	61907.37418474368
A	56193.322325044806
A	51484.71636798592
A	61729.32719326411
A	64473.843276841195
A	54524.02783679941
A	65519.185204719375
A	42743.32941941813
A	53206.31329169594
A	48575.35845948936
A	51805.94511642848
A	52311.341443091085
A	49189.338096402214
A	52208.36730977117
A	60221.68135533844
A	53744.595898471525
A	63907.18473706577
A	50524.19996208064
A	51194.420142046794
A	58402.217276501804
A	54841.13467939535
A	42476.10652092631
A	56043.256751946356
A	57472.22630222549
A	68026.40989278948
A	56178.42487608473
A	53028.74910135488
A	73447.44295590038
A	55612.92305093366
A	54043.79924007721
A	58623.74466097328
A	42024.06891030236
A	47731.73614832136
A	59953.32849363792
A	60783.098947391605
A	46501.126289518324
A	57914.43803278057
A	71180.03055390397
A	48491.065885883865
A	55807.05379280148
A	57960.30080790599
A	56605.85070084438
A	65770.54638054986
A	48404.48133369443
A	61911.22717439798
A	51518.00559157986
A	65054.7071078429
A	52908.48670074121
A	48756.36799956128
A	47795.5093565203
A	47123.41896220577
A	70082.7619517112
A	75418.19545121612
A	48707.39158474146
A	29323.81906625563
A	58751.101446030654
A	57016.32825616015
A	64241.36037060826
A	48934.73378873805
A	51511.95970085777
A	58273.11283462119
A	55665.31081234702
A	45849.68989946837
A	47114.49693683719
A	52108.1838707477
A	56006.35570567934
A	53569.406781079844
A	48097.87069232272
A	49989.87682175005
A	51194.959030858736
A	58982.27422731094
A	66354.02870652266
A	53131.675642318056
A	72936.21905553143
A	46335.159269290816
A	54989.58550915484
A	44542.88063799041
A	58942.50437887601
A	40122.236350542174
A	72385.80813834815
A	54242.03182644043
A	53060.10767876257
A	57170.17271057776
A	61158.624025168305
A	39421.963960580935
A	60019.56085673689
A	44748.77928988525
A	57574.49352355543
A	61940.91933134402
A	58979.275909454846
A	50957.04583714805
A	61939.95415519912
A	46001.77582863943
A	53912.217925190285
A	59559.658911939616
A	53630.14144816887
A	51139.76141860652
A	64766.07849411753
A	62449.79968516753
A	54661.13623279698
A	54312.27748696418
A	61738.674927778586
A	50353.58656716739
A	39668.706030749425
A	52055.71292062763
A	35159.29364251777
A	58999.13817218749
A	58720.21620441417
A	68503.09966091352
A	58429.05937078757
A	51342.13035783552
A	60236.75019024012
A	59927.760713162155
A	54912.160762070576
A	61728.269569869946
A	64885.103300233655
A	56549.19176852403
A	67830.685828055
A	54323.50298291151
A	49233.99900244413
A	69678.13636029794
A	48248.61509359711
A	62578.18375351647
A	61902.32803448969
A	53745.56828849704
A	41112.3433844937
A	59954.992216647435
A	39635.81130823254
A	55077.413412947404
A	57082.28131312839
A	40114.96980435596
A	56933.47034324958
A	60342.112301566114
A	53856.847517086026
A	50257.47273919341
A	48050.91617160929
A	57960.55339542588
A	51744.49459320635
A	71176.20833106728
A	46141.19598436743
A	62252.198654167296
A	37997.21346553907
A	44748.52680236911
A	66978.09461118955
A	63391.01120597569
A	45934.60062284956
A	64176.73552071642
A	68127.10913658192
A	70441.94980113699
A	53450.82875525223
A	39277.96525458199
A	59042.32240354354
A	47039.82917631669
A	45524.67901311242
A	60317.91557296561
A	59770.196300128446
A	50056.36218428557
A	48739.82526317327
A	55654.27979437067
A	55032.041726162664
A	46917.31770937724
A	57772.19477430019
A	51614.12072038886
A	56012.34917878777
A	49039.57796948467
A	63393.35187986855
A	44409.05351723529
A	61748.72946885309
A	62997.52238486618
A	62981.96124137623
A	59724.18085235843
A	45845.51840703285
A	45242.86100214911
A	59564.47751979489
A	49901.071619991206
A	52731.53256749624
A	62288.25282008152
A	56452.28153899877
A	60541.86291859111
A	50746.073289293985
A	50056.804830164816
A	75978.98235391793
A	70679.90135206637
A	52376.099474695286
A	56014.99670942209
A	31666.182821918857
A	38795.64716288783
A	59797.546091475444
A	52740.72912412223
A	70418.32521445712
A	56987.18376476635
A	53077.22704842181
A	49545.32019060263
A	60848.57229933816
A	57645.56573053663
A	61103.438968940965
A	49635.53553831717
A	64109.21542009826
A	58940.18255352043
A	60590.0106451896
A	61540.07126185905
A	41877.9721779266
A	59791.88975148595
A	59261.79896978255
A	43702.68635316754
A	62221.0710432449
A	69227.54608598503
A	44355.99584917433
A	46824.56235244855
A	39878.25722810757
A	49403.615479082466
A	42019.72173989284
A	47078.842823903564
A	51567.50381004248
A	67784.69575133064
A	60800.17478689278
A	68090.4111809494
A	46348.98674927328
A	62981.0269621496
A	52294.55500878198
A	57132.06363960859
A	66276.90380995304
A	58806.94708729524
A	66025.70592845928
A	51892.43095901964
A	46282.38733553427
A	33756.329459781045
A	53329.42328132958
A	58819.1095996284
A	52748.26141187562
A	53291.662399962486
A	52674.26781633314
A	63523.95779648746
A	59632.48504454854
A	46007.020478334554
A	50740.21495227914
A	50631.51412575506
A	57883.200771894386
A	76678.72643376839
A	62762.93235632767
A	65924.34264177253
A	48881.9838605347
A	62178.98529087396
A	52338.481473062624
A	61364.65941335468
A	62036.019717614196
A	53786.45567820183
A	57009.6305307485
A	62577.05475464115
A	51345.05256576096
A	59666.912992388476
A	52996.98854579467
A	62344.85226240469
A	61216.366678655264
A	59266.283065424934
A	52492.069082151334
A	61921.50924403853
A	58908.86113893917
A	65271.07220637932
A	47782.20879463016
A	45396.90933370354
A	49450.90770590913
A	62677.989137951074
A	49723.51747216057
A	41292.71598793984
A	52004.25135581956
A	67622.86284783047
A	50257.77650375477
A	60952.39071133583
A	48453.4361770948
A	39398.92725370543
A	57847.614162863414
A	51806.960348267115
A	58760.50149609023
A	38335.664884918915
A	39170.5662091313
A	54736.31967876305
A	65263.70104367611
A	56976.60648891908
A	70879.90246775108
A	70923.95514019988
A	41642.25373990393
A	40666.89021288408
A	53681.77082711793
A	69339.06621528744
A	67403.7714899059
A	54619.80771513612
A	49569.69665161225
A	35748.59414276368
A	58623.809320582965
A	59206.72354358833
A	63456.68703236995
A	60655.66194961603
A	55310.86156576186
A	54404.5859477347
A	63245.05579506001
A	39156.97806663826
A	63171.16527259318
A	77038.04172633323
A	53576.39715653675
A	65485.26346699055
A	65521.5373782982
A	37129.29089630624
A	48642.13466106419
A	66757.4505382047
A	53421.17111821133
A	60201.52809329048
A	48946.411868569645
A	66946.54423223683
A	52701.56756828883
A	61089.6167779169
A	50221.03054679428
A	32465.145678436005
A	34917.612248384066
A	46869.37864574104
A	57520.16049900987
A	54589.60132769903
A	55911.369964845326
A	49833.81921238046
A	44912.76773404988
A	61203.5337588899
A	42096.82231530524
A	48147.290924708024
A	51685.159453882
A	67169.89687907719
A	75913.8509067713
A	61137.67709340647
A	52164.35273133979
A	45780.400371031246
A	58525.74904425061
A	49748.17273849907
A	59904.60375007305
A	42756.45073316376
A	58843.24930499124
A	39398.87473431799
A	52084.70139128835
A	46362.4077789028
A	55696.409146906444
A	52677.900951697826
A	64601.8083581256
A	49796.160138318686
A	58761.91062366699
A	44829.14697176536
A	67152.45687511635
A	52749.1682538847
A	53380.26609954558
A	53558.63593241039
A	69627.73379185083
A	70677.85628818041
A	57952.581346952495
A	56802.816028927504
A	64595.901596583186
A	57193.43316224774
A	39475.63713932658
A	47802.758733771654
A	62983.244151629675
A	61304.43455921774
A	47034.8511524495
A	46606.14691510117
A	55332.92092328171
A	47874.538643160966
A	60465.79984653528
A	44348.17191271643
A	67404.68571395111
A	46044.40121159645
A	52934.70127176061
A	39304.18310685672
A	47374.464815357926
A	47866.98158223598
A	56037.32289940754
A	49175.3458589147
A	48157.838549398555
A	40690.36153045386
A	58159.324060325824
A	55196.85163645978
A	58964.80614854109
A	46626.67292219532
A	43859.26072066212
A	42377.08969286815
A	55363.03880708081
A	57185.464514085324
A	60444.89493459543
A	68487.80664327908
A	55216.8771549694
A	53812.52181484927
A	63508.74510316028
A	63947.63416045124
A	53066.45436091942
A	54817.78045401787
A	70387.75965356844
A	56862.81366918052
A	57700.30450643227
A	46900.08068757253
A	48824.38206792967
A	40287.393707805735
A	67285.51960033558
A	45640.344589634245
A	51772.851590788974
A	50137.20116174449
A	71973.01369852088
A	63856.25833476114
A	57622.37331211149
A	55602.007028627355
A	60127.664190282245
A	51967.774031546614
A	56052.09334378364
A	49072.76039905046
A	48328.596724972784
A	69134.62250130977
A	66027.08991892489
A	56993.89559856301
A	61587.198136983556
A	52341.21048913022
A	58142.28579601986
A	61408.225827482296
A	50096.248476354565
A	51352.06982376281
A	50438.19535719565
A	78764.00719059895
A	51170.55447920351
A	49896.137667846066
A	57544.18952794749
A	68190.78219456054
A	55502.665801941526
A	58474.891650969
A	42460.495522649115
A	54071.90273597561
A	50596.2920883417
A	62403.34953105266
A	56603.62597489968
A	46045.52161142348
A	57285.05989896471
A	49587.627146834886
A	50240.52686418937
A	53484.567525993145
A	62535.592971124504
A	64246.76553618385
A	51071.89004254159
A	37280.61186508025
A	41369.95483967468
A	40052.94247941709
A	63786.45389236455
A	52844.39756968982
A	48137.667674427066
A	57402.07375114822
A	52375.59057093392
A	49711.50791183284
A	59040.44417754308
A	65818.56530323163
A	45532.796332122416
A	40652.13577987971
A	63812.69704120798
A	69903.1590240579
A	39494.894082108454
A	63560.126721916546
A	59853.8902238247
A	64811.25672356928
A	64602.44886918885
A	54921.37695492517
A	41505.106482386174
A	54269.54846105902
A	56599.12596459563
A	45259.2156882801
A	53354.76994424188
A	70813.61571351686
A	63497.0410106577
A	44876.7812722714
A	45701.82850433364
A	52388.51792353342
A	55572.486262899045
A	51793.19519617906
A	53838.60735182436
A	45954.946261684985
A	73741.15834172681
A	58728.079801873
A	46420.4816667071
A	49719.525718977806
A	58652.818650161586
A	69212.48748055389
A	47462.758087713584
A	63577.773032636745
A	65712.68555432759
A	59760.48177866596
A	45484.43813864517
A	43753.8052268666
A	49218.6588057289
A	70009.70798604538
A	62234.60810316053
A	55278.68289727521
A	43436.3843255781
A	69906.77578111149
A	53998.41023995399
A	39966.943475986256
A	56912.388236575636
A	54559.7508084907
A	52616.06810307327
A	65463.290332011944
A	78543.55910687672
A	45136.19539931438
A	44678.09466080379
A	77745.52240640527
A	61390.70208959118
A	63049.71337253909
A	47932.67857059815
A	51308.922305439955
A	30209.052583338296
A	55422.46818291238
A	56840.71947688042
A	47634.32364257127
A	63296.1956826966
A	62740.07598800404
A	51583.39539678446
A	67505.50182665345
A	71682.98964839891
A	40587.26917899787
A	60034.35330074745
A	55261.8614086697
A	57041.74030703664
A	49765.885535019464
A	60439.991995878314
A	54162.86944493379
A	54167.54603892202
A	55720.32121300079
A	56893.343956251854
A	48031.27066919159
A	45554.86682563426
A	45406.68192493925
A	59716.46295370155
A	48696.331088963016
A	45870.96488350774
A	53633.329283018786
A	55663.45921677127
A	52456.61650422828
A	61428.62235090735
A	64973.20982347528
A	59104.786444810634
A	55153.71550168301
A	42493.868591222694
A	45461.533269624815
A	59796.12162110571
A	54340.58473473569
A	66130.95022325314
A	46209.70336099373
A	59060.5182942567
A	48076.17376276116
A	51368.318000430045
A	60162.467878176525
A	42102.7138650831
A	40841.74943138804
A	61218.97802618929
A	61475.25004932249
A	59234.0175172881
A	43852.59087770533
A	36346.83167747268
A	61084.308585707746
A	59003.936701673
A	65518.81782429934
A	40496.86436570558
A	60215.72897058079
A	54040.06772108474
A	46201.71594867293
A	50151.81967338967
A	43100.71152030206
A	41075.7094823361
A	52710.4136779783
A	46370.629211342304
A	55235.33287379168
A	40349.990343342884
A	52814.402775069255
A	70026.47561959745
A	52218.4766832489
A	64235.468562120746
A	58571.81589474485
A	54073.454475921775
A	55984.75265221315
A	77100.11919564317
A	59914.6480658129
A	63858.31593654612
A	56853.33143606259
A	43756.34028505688
A	32052.656400554326
A	47961.68327909342
A	47899.32584177655
A	50758.60427388834
A	60211.39814899838
A	49925.358749154424
A	67413.31859447078
A	53465.523073054224
A	56277.43062851062
A	59593.255739346634
A	36336.16162718215
A	53365.22533334753
A	53379.26364523859
A	51991.53506511745
A	43788.657711990345
A	37885.28886535291
A	56311.945860509106
A	44655.55689374616
A	43665.8556798465
A	60594.45573467892
A	53096.835764234835
A	57012.66482184701
A	63848.890107539795
A	54101.05032248524
A	55222.642832283665
A	49777.7731516588
A	45170.482077299435
A	58979.5614262584
A	69007.43747959816
A	64265.68322789803
A	56159.7845942037
A	62451.131318524844
A	56625.629387675166
A	49925.14237872682
A	50738.49503304683
A	44511.34582601001
A	42400.707391043004
A	67498.18643129236
A	55296.02172460292
A	57775.60643362805
A	69878.1054004986
A	69330.06804459094
A	60208.78746319948
A	63458.81551543147
A	48083.96013037982
A	29501.48410704668
A	57611.434115752876
A	53163.169674517936
A	56493.333717170375
A	53543.603078167966
A	51104.162057113805
A	47652.842321185475
A	67951.49519633705
A	38515.180093212824
A	59585.58577526079
A	42753.762031231854
A	59525.97085889156
A	40803.50099316108
A	46840.34504098359
A	64268.69457771631
A	68049.58580330526
A	37874.33984706314
A	61748.4537227533
A	48981.918484195696
A	63214.85403235289
A	55079.76298592262
A	39423.53703275385
A	58638.69447007055
A	46373.889276366426
A	45432.95302190726
A	57999.48931226418
A	54417.430146168714
A	42082.74125811516
A	66299.57126065023
A	54242.85452653637
A	60054.2510569358
A	53185.323465489084
A	54825.680741118216
A	55444.73689260549
A	47845.69949870143
A	66382.68485947486
A	52612.41161890973
A	55105.23758679919
A	45206.4401614555
A	67585.65437287322
A	46044.40771101644
A	52721.90689082612
A	52609.394426827566
A	57972.10906543159
A	57949.18428875093
A	60243.19421053743
A	63493.876836500785
A	55131.3664157813
A	54859.232455303834
A	47599.27729134572
A	55084.594671437575
A	50696.22101619329
A	45823.8135804577
A	50755.55507761354
A	34406.42771579187
A	56188.23724310609
A	40575.49497977041
A	46211.70973195633
A	70824.38307024115
A	43660.21786012556
A	56747.13974734733
A	61199.76377763546
A	50478.02931991562
A	54856.411200969844
A	60992.82761745292
A	46430.76354594824
A	43321.80461754702
A	57100.85631923076
A	62361.90444904226
A	55848.01629675094
A	54027.939382003795
A	58685.25763986611
A	47168.35978009518
A	47974.14838840463
A	57500.342506302404
A	44668.78138577155
A	59082.883541812866
A	54257.354315420795
A	68997.4543984395
A	54712.12949753489
A	58013.42881777114
A	63549.643384262614
A	62913.74249649763
A	40300.26040433578
A	43197.50178167217
A	67967.16931605124
A	52891.47390893913
A	48958.79824263189
A	59636.79987911237
A	47846.14765232526
A	64108.413432388144
A	56610.890790372265
A	66837.93710589375
A	54592.07832087843
A	49905.86810001655
A	55842.97191045012
A	49633.399090238876
A	52877.97541853042
A	48864.45979303237
A	55348.94577669735
A	58351.74474306318
A	51130.01762282703
A	41104.975352154106
A	59888.33292950745
A	42483.85175772688
A	52468.69475303076
A	49280.72815837608
A	37637.36290207919
A	47309.48677304626
A	51719.30610672694
A	48195.57147373489
A	59364.93027794925
A	45917.85999369014
A	36969.59204090075
A	45247.18732454879
A	58198.084390388576
A	47191.2570305512
A	61240.84322705864
A	46057.02863225555
A	55956.343911399184
A	47121.050286755846
A	57352.58943286101
A	61026.56258575603
A	65733.62107128512
A	50881.60946376646
A	57268.09546474603
A	51446.20237461379
A	45425.324630479765
A	56584.96613598676
A	57177.34675567146
A	47718.8518959878
A	61438.2580194102
A	54107.55035441163
A	73842.61210130254
A	42520.60487656337
A	56732.68133318027
A	24515.51331791983
A	63148.87623365722
A	52281.34185674836
A	40751.05691047682
A	56824.572905578745
A	44404.55027767177
A	63036.667103219916
A	71212.34104301821
A	40460.26116932061
A	48763.38042114801
A	62690.85527828408
A	53596.35056102976
A	36812.34416443096
A	47926.02712081278
A	38368.91332881571
A	47806.06928597901
A	56330.0058336334
A	64400.60319830896
A	51165.3089624526
A	40985.968762737946
A	50461.802705811984
A	46718.021399817735
A	54881.095379619306
A	37198.10990368797
A	59372.403040224
A	56235.33059541626
A	63895.55501122459
A	59954.588504364736
A	54393.19392029135
A	52351.15290441725
A	49675.71949595759
A	53216.57317944737
A	63288.908066819626
A	70630.34872864778
A	53659.139779281635
A	62585.753308239546
A	43382.334132248245
A	53373.46295930904
A	40555.05179722134
A	45478.86089183207
A	60322.39291250363
A	48325.93749075235
A	55360.79110041441
A	62485.13186451351
A	39462.67920153735
A	35935.2284478162
A	50968.253042067365
A	57007.06404096446
A	49074.25095318341
A	51356.5455034598
A	46338.1903146192
A	75734.49952440186
A	55034.30446763939
A	47526.24753059851
A	63731.051420207754
A	67844.93998559512
A	58486.51167284895
A	70075.63030924156
A	58273.97548902153
A	63380.90045976733
A	59427.4776073076
A	63976.347790238186
A	36611.510786223065
A	53034.40934197953
A	58186.250791910505
A	52747.33645167688
A	77149.73605119846
A	62625.33986341347
A	74584.35917384636
A	59787.29975673918
A	56838.25276825595
A	45830.873697917596
A	51125.232123110654
A	58484.83099837183
A	56797.819052927174
A	51849.190940397755
A	68268.72124939655
A	56919.28411043538
A	45389.18014716682
A	61374.496587696274
A	36061.485420021665
A	48154.61200076258
A	50180.31030815834
A	68055.52453945113
A	47963.985873408375
A	60819.826632879216
A	63789.4607066417
A	71944.69527315577
A	51227.05665068512
A	58188.55147705033
A	64183.826630261465
A	69154.20106103663
A	48990.82911443244
A	60063.025277766734
A	48435.530026896005
A	52698.41343871669
A	59720.83580087668
A	71201.38159125403
A	63842.93759734827
A	66675.35356921477
A	51765.338162554195
A	54408.72408874184
A	57671.61896844835
A	53942.674928360946
A	57472.35495939055
A	48358.23241818587
A	53973.03799905266
A	66679.60616102848
A	41303.78696114956
A	37320.53040403648
A	54655.36541704038
A	48284.073203416374
A	63139.69655186279
A	44300.473971064275
A	32815.12338039276
A	50762.345789883795
A	55280.3739689332
A	40940.0306112038
A	66091.91908781094
A	53551.120441894695
A	56301.60897983411
A	65208.90841766361
A	44742.57049406922
A	49795.974315138665
A	43131.22045424124
A	48631.24466192378
A	50936.871021969855
A	47107.79063209095
A	57262.96107796609
B	39904.36683402876
B	130681.06928940376
B	541.092528392469
B	20057.537443598212
B	34423.05600102784
B	16670.88463621876
B	78553.43994358607
B	6537.41989578599
B	112517.05407298947
B	66355.34941369109
B	5693.303703134788
B	447274.09287923784
B	78962.50227664402
B	4587.005455354055
B	202977.76069304603
B	84387.24436621377
B	29847.655747657613
B	41809.85825143158
B	16837.408328998426
B	23655.571017035025
B	34657.921030460195
B	7629.542476605581
B	11816.190810567567
B	31637.920211932727
B	17871.630653455155
B	10993.116977340984
B	84008.244383493
B	18224.960684220252
B	12443.484950906508
B	52198.51001336524
B	101946.64063222239
B	10963.019924128355
B	50061.34008820926
B	56600.03011137142
B	44401.39026966638
B	107344.95447590215
B	72520.57353834792
B	64393.57742356984
B	4937.382672742824
B	369725.1965431842
B	64270.54326997798
B	8210.850572484622
B	52453.90510218062
B	7515.26400418465
B	87590.21939051716
B	56745.71348019862
B	64467.57289407794
B	278513.88235652744
B	42648.18604293504
B	7701.5219853956805
B	143018.95416912145
B	53963.215846753694
B	96032.6278095432
B	4705.386663015207
B	18919.56452814883
B	47002.891076353975
B	59520.50959557386
B	21100.193288918825
B	255872.78334640057
B	39738.616422213265
B	13826.625626481253
B	200680.01239803297
B	18767.333243039113
B	88002.26478742166
B	91650.93833065941
B	754.2025393479911
B	69754.17796503624
B	8395.060685649416
B	112561.98009026343
B	52690.56161189457
B	12980.066645604955
B	5978.417961405892
B	108964.99016409475
B	62959.823171711934
B	17503.532285868892
B	100331.42798240168
B	132932.34073525277
B	1897.9376835630096
B	25459.437659289077
B	63859.17635600508
B	48505.03057940847
B	15337.153580292788
B	89756.66735047128
B	21838.342018811327
B	87038.05373425802
B	3695.5919252124813
B	10169.172562442827
B	9051.518003380199
B	6818.441242242333
B	19288.950043782257
B	4284.388425068385
B	1583.5965311028035
B	32844.799128415056
B	58261.3348273865
B	13579.415151747204
B	93566.36777866418
B	29017.427455314068
B	27791.088883111926
B	14137.98278800451
B	83130.87252573871
B	45266.18910459198
B	74999.8894753775
B	31338.69170341998
B	44257.379495704874
B	45318.69935085683
B	11257.342658167527
B	15111.851314081336
B	8988.380217579643
B	99079.51846918982
B	118824.92602719275
B	166888.35574008114
B	6586.718367132565
B	7959.107512893029
B	129400.5080057063
B	22905.18947214891
B	5277.507303509264
B	14850.408740212604
B	89441.94152179248
B	24083.107635135293
B	63021.6526654848
B	16057.41685338552
B	190559.5753977112
B	21725.3211497236
B	149487.53932595174
B	46412.953694231925
B	49139.84005220083
B	9617.165040047408
B	40102.13764028555
B	54155.809745613624
B	68536.67533811717
B	22630.722915944636
B	20071.720328560426
B	43288.847197453506
B	3751.055237473616
B	80417.62674804979
B	380659.5746245465
B	209374.35636085246
B	14026.38249658515
B	8795.861688921766
B	11475.049555158757
B	7430.491690604195
B	4141.481281958131
B	3002.4247168559727
B	5288.897831209318
B	10946.331729078882
B	101538.00862259183
B	9622.937399543616
B	19510.927890313298
B	34614.43368425822
B	61561.675668884825
B	75248.90523331208
B	92145.35751109371
B	25679.71617136966
B	325665.22120388236
B	55416.701773179426
B	56116.35257996725
B	62965.47853544946
B	51487.41568393515
B	13216.093710635498
B	28596.912723183985
B	8341.64440196687
B	3556.7569069821075
B	6316.9343234425505
B	145739.0434166619
B	35005.87537670539
B	28441.019606227594
B	24960.55508045422
B	35848.756243058815
B	56111.97382534755
B	18217.06087174986
B	35673.47077350736
B	5061.972640665837
B	27989.795433639716
B	10412.103538163561
B	6317.912442043789
B	21581.713831784942
B	39204.78206367739
B	2616.2718881433275
B	27662.182436854648
B	66566.60391811954
B	25736.648259820944
B	11185.875368750254
B	13519.7751684508
B	11891.66973728909
B	6526.697278518128
B	14948.212293621857
B	27242.96339743764
B	23861.195229881323
B	8228.980610499522
B	51757.161872872675
B	55779.10231478989
B	126550.83955710997
B	76528.68341095836
B	25599.370349236662
B	135368.04163637312
B	38563.660619952505
B	99958.92967583542
B	7886.415344236037
B	3450.777270681697
B	27982.701425294283
B	55668.419992383424
B	31531.870292609336
B	320404.1999718038
B	12060.71868276131
B	5055.121973841434
B	78075.12759869872
B	82491.66920693724
B	40268.90730907862
B	17964.787567313197
B	3426.057924060886
B	42727.49171871543
B	31559.635714844997
B	72364.33169663968
B	96018.40976973205
B	28293.141780889036
B	59094.50659731388
B	55729.619243727655
B	29651.05927342388
B	53523.80304116779
B	9902.024039314303
B	81569.18191832496
B	13614.678738931483
B	218807.47518543652
B	93928.88930571412
B	45995.55508738113
B	97488.63904628392
B	14181.324538960054
B	41070.62971188729
B	1568.7457208116311
B	13169.955273254485
B	64297.10863251713
B	34803.70867423405
B	37672.48139620578
B	13963.600212629939
B	782.6988014231304
B	215737.53120174148
B	299095.8795999903
B	3904.9891704178867
B	287891.58749096637
B	7294.266251418177
B	36395.29458365696
B	69746.6977168444
B	66376.28566377763
B	33493.047021787155
B	40459.696118873675
B	8853.51874889229
B	53881.94303074897
B	102895.16911067393
B	9787.795244949966
B	37707.08797520407
B	91691.44736963439
B	101707.73976052747
B	248756.4336580054
B	3226.6871962695877
B	16440.60356127982
B	39970.948743985675
B	132662.0101503991
B	29919.76390244981
B	3058.8995112613766
B	14047.148428339206
B	14488.903832366012
B	74638.55452280509
B	1207.6486859634258
B	80078.68524947851
B	65333.065085422335
B	2536.282824420334
B	157102.42662307454
B	24906.16519617457
B	13659.249535164394
B	61463.873205762975
B	14742.859899497938
B	48655.35952566894
B	32352.637387823845
B	95872.00101048035
B	34354.08095989881
B	78156.96439260343
B	8967.60926834897
B	13161.87148510734
B	30154.915078191945
B	5024.514706574034
B	160387.34111017964
B	12737.085477970182
B	31793.4228194454
B	116764.45423838987
B	36676.87977136805
B	6275.577161394618
B	34252.05849675859
B	5065.689847593667
B	208356.93930018457
B	107887.36015369197
B	139386.21456887308
B	48550.64733006639
B	27215.5157546988
B	5580.433532894281
B	66300.73768557112
B	226229.52794006848
B	23878.478915812986
B	6434.802910844524
B	335012.23462661303
B	13311.320819759678
B	19808.547034756975
B	276690.74651518714
B	35936.74812726898
B	30348.7860367037
B	25878.960905849017
B	16055.381654915473
B	51211.78737737682
B	53989.93521559771
B	3040.3965712633567
B	19063.323399761313
B	6682.868461721319
B	92939.20919545542
B	66321.21536514745
B	13027.833235281445
B	39062.796532002896
B	44162.33417166972
B	39003.04841132025
B	278910.97348470165
B	10145.27909859583
B	25070.841254147323
B	16584.214525635754
B	49751.62624449524
B	26376.30085607341
B	2267.076985569757
B	22648.87570565643
B	13133.575084942342
B	30509.049360550685
B	17903.312762612848
B	171873.8017353253
B	102185.553062002
B	24584.928314924826
B	38853.922388335486
B	23148.238165277526
B	57429.72997009892
B	3637.2036589518725
B	6132.355524360785
B	14219.754797050244
B	31159.107124849095
B	9671.697765143106
B	8048.4384854529135
B	90831.30414778875
B	16675.757777132352
B	21983.219652168777
B	138442.1534653504
B	11881.223848218848
B	85041.45099691632
B	44071.248210039914
B	30868.858547166925
B	2726.166978927253
B	2963.2956916886437
B	2166.503426275031
B	19081.501053631862
B	34707.20030830525
B	33128.34157757332
B	75053.98808495134
B	164177.41422333938
B	173504.59951606346
B	106600.28175311649
B	348944.861903983
B	126158.56080393812
B	14644.516169685407
B	84615.1499145016
B	10767.117777187594
B	4212.600118044391
B	13587.490673807179
B	65506.532254557824
B	36931.3269183189
B	88813.86360321719
B	87252.71474410935
B	77086.15278733935
B	66408.67524356577
B	25927.291325912527
B	85569.80146509326
B	90590.48803939855
B	277163.5065246352
B	4358.586780641893
B	77562.70048451867
B	111781.3959099032
B	2874.732909025027
B	21585.224423691172
B	8281.988262480661
B	18755.107320809522
B	17196.988665099743
B	48419.33966549275
B	59038.23977913573
B	8627.05738400541
B	17483.45529727833
B	5665.405783071052
B	380269.1114412564
B	78996.02971148847
B	9887.355732063223
B	11258.941041092789
B	33696.29413750487
B	4841.060132883047
B	319450.6709690978
B	6260.558216582186
B	202621.86513328808
B	5663.8396305549395
B	6828.588337071509
B	7586.094319026451
B	24177.083015142678
B	14142.142335853472
B	66077.79900939809
B	8781.64055837147
B	14475.31721685137
B	15092.238316425706
B	204256.7329800395
B	14296.176822288711
B	13008.478066729382
B	26056.799249143074
B	14031.701926902797
B	6622.684098106292
B	30491.513076438034
B	39736.93475416732
B	5832.005480842981
B	27411.55619841986
B	7662.87557054571
B	41282.782224835624
B	47447.27011245358
B	7276.231465592427
B	59019.64471204825
B	3086.765971127066
B	8445.805069231546
B	10368.625811923475
B	38271.29876805909
B	335679.7473282982
B	117885.77168874645
B	25432.96461712287
B	150868.94229917863
B	55257.04354712133
B	25284.912190013787
B	87102.6487916504
B	126394.52203814652
B	20118.574119742563
B	10179.987856776892
B	277971.05729036435
B	12105.439161763905
B	13691.752252035392
B	6480.614942566844
B	14102.10399931888
B	81396.9067126436
B	43253.193178648515
B	11417.554559966098
B	4883.778889523457
B	83324.42869362482
B	40795.42603619352
B	42217.74341926572
B	1527.3345537227142
B	60733.54235909397
B	110063.55996752476
B	33970.74306704486
B	31308.000590264637
B	18799.000539761473
B	134360.30920631526
B	56342.98904241886
B	16216.866040991245
B	11384.560743250095
B	43449.52039541514
B	261332.64743266013
B	86867.07672163774
B	15393.536835175593
B	27041.67122977397
B	14894.881787600232
B	12034.172400365387
B	3925.830795292226
B	52503.272282586564
B	43122.98246357818
B	70087.09425468609
B	18092.757099008744
B	7748.210678074528
B	5884.7668629979225
B	119436.88479322262
B	33244.00231297151
B	490882.9264392988
B	7651.6698395656385
B	129816.30132341894
B	6648.420147130834
B	1616.3356518318578
B	61336.8841083623
B	110386.36794702281
B	103538.0561431025
B	12486.676920281252
B	59251.44419814475
B	4504.333354802106
B	169213.70640883403
B	1969.7732721106956
B	85675.50869697449
B	22044.392997484585
B	26313.007774553804
B	507836.4770792292
B	77628.726427342
B	115752.04528707537
B	3949.856076517688
B	38982.96064289634
B	54465.164829330686
B	322892.9749002693
B	717.4301298262079
B	10299.317951410227
B	7812.631365290377
B	18130.04543287877
B	26142.036663855244
B	58097.52861152098
B	40926.482493856056
B	30299.924590295035
B	54411.48969502438
B	69748.78195697958
B	49699.79735446284
B	3886.445031805209
B	9119.259831347516
B	59724.71835967328
B	55766.59156007327
B	16495.38913892456
B	29811.027290184593
B	4825.777945294318
B	134774.3403227934
B	46753.78951155562
B	176881.18639737891
B	6507.75396454854
B	26322.938510734733
B	69918.39145422436
B	6236.331559046381
B	104711.07042709333
B	11998.730822043784
B	54302.06644335869
B	53975.25978899229
B	7504.664472061841
B	55502.3723509739
B	23462.66710572113
B	49139.0942639037
B	15142.133309205363
B	225878.68265434503
B	304103.71617241297
B	13946.190233641884
B	68696.31428522345
B	20666.101842543827
B	25288.45207714336
B	32647.597529300874
B	43657.21636426203
B	24729.15207296047
B	16585.42767940049
B	31568.477440915918
B	140505.3873516978
B	21953.983433712994
B	7214.414194235966
B	67350.60799997684
B	2087.9101634652775
B	55976.82355789839
B	69247.43631600047
B	185161.87101657834
B	113782.01041466986
B	8244.135742817012
B	16925.999312115568
B	15028.77968092862
B	30605.261779294142
B	110105.90495520948
B	71293.47841388744
B	53037.59985764914
B	6937.867993875949
B	12181.425206151618
B	14089.418518873797
B	19236.177279106243
B	32560.22461784025
B	4123.136432807312
B	317129.96655293106
B	56556.11485085162
B	121567.21919310106
B	13572.039679039535
B	28005.079207974904
B	202394.01020298584
B	27902.963644140003
B	13734.047995536459
B	102962.51507742536
B	72959.42341758916
B	12542.179279086402
B	26381.393051507657
B	125868.73248304689
B	948935.5935068656
B	103021.93773100484
B	107662.06267483621
B	39614.84883751543
B	16092.187528239505
B	6328.392230966962
B	28186.911110681478
B	26409.323909506777
B	7689.669921660605
B	12826.980743046362
B	19250.42532998288
B	33672.08123442278
B	55509.54917731636
B	33497.84443572995
B	58506.92411553308
B	63759.51405840604
B	94502.19899129558
B	21173.393284039583
B	207681.76255576243
B	5463.179126040931
B	117597.1466037538
B	6349.504395943727
B	21913.038433625497
B	13684.997799845438
B	26700.570099078344
B	23434.898870280114
B	36424.14552719881
B	19147.160087427994
B	3140.7242081973436
B	25589.650966415797
B	148368.7925324119
B	90916.66233945807
B	114746.4761324539
B	92310.17218977617
B	22039.339185532383
B	8373.20563832587
B	15420.426943376675
B	33667.540051658034
B	27195.267725403606
B	237455.36824964214
B	183991.8321393638
B	28107.74642072581
B	3557.395005869631
B	55566.19935582743
B	28112.745513803486
B	26461.662414797906
B	25200.38518760028
B	4109.914884665665
B	48587.77277353258
B	220019.61973969196
B	4711.6775195731725
B	72436.54415387314
B	18022.58961022447
B	4906.0688278083035
B	85087.58425193494
B	4533.754397839948
B	27338.75219812536
B	17151.077430210004
B	10550.411035763213
B	38205.04112900488
B	322433.01072409574
B	286102.4536652008
B	1259.1893111620097
B	7604.167566562459
B	563389.354309628
B	6125.551684098066
B	79231.29851330996
B	18684.35650236133
B	26918.71771092622
B	21839.067351695976
B	322857.271343052
B	55181.81630264515
B	50786.46518515029
B	37406.1844927814
B	19075.288444270514
B	5367.898028894766
B	40652.75813199914
B	76007.19463363649
B	3968.3131819164823
B	249997.0936400316
B	98263.168069737
B	24222.940357819145
B	200216.33315486714
B	75030.4617096491
B	5195.950189167436
B	42444.72314836301
B	24941.049736310873
B	7864.86495181527
B	61933.24551358094
B	214480.80911292759
B	181664.01359395718
B	86637.00930425219
B	35016.28804417928
B	19828.123267528164
B	109071.18871498817
B	124363.80052166704
B	4435.702435588333
B	529022.5583457763
B	28732.468545824322
B	203705.97308173933
B	177043.40569310938
B	5592.4018102212995
B	42539.97435958231
B	49554.96950933904
B	15634.279587009674
B	11820.077929819588
B	243359.87523874958
B	23276.717460709628
B	42004.964794076266
B	45630.54023840108
B	2553.1984878362246
B	4725.345083842818
B	31005.012656293122
B	4158.244229293368
B	167673.8756403091
B	42122.49858381564
B	10282.05731076915
B	24286.255728405817
B	717316.0092263976
B	32523.62777821976
B	14484.307144949162
B	184133.52899278887
B	12261.209370597431
B	48066.367587034256
B	58207.99172844952
B	32411.983600987136
B	1970.9727961444378
B	9533.14827199722
B	5418.0462758772865
B	10336.665976349468
B	10002.979272385379
B	136045.66817911316
B	26650.754802017775
B	6029.249064206144
B	15536.455004240694
B	5549.949169851569
B	20840.199207566002
B	20463.065467011453
B	31357.98756995426
B	29842.09826048602
B	5253.530959346839
B	66794.1064281309
B	85728.17481842727
B	52397.10844936252
B	34694.530319213314
B	49644.02463995349
B	7840.777691016254
B	13164.583849624623
B	29122.392653094645
B	89793.84905877105
B	12037.515503959803
B	19429.578354688292
B	30132.964807987908
B	23159.055644026623
B	74395.24787395085
B	17143.08694450099
B	66649.05699295516
B	50427.67155556904
B	45806.152849282036
B	126016.48113963271
B	96971.04923562235
B	412327.14746739046
B	20814.778273928903
B	73435.76126447297
B	43066.37255776727
B	26273.53524244264
B	11261.778592791528
B	14667.38740316667
B	51646.57331140725
B	41074.067037191744
B	146939.0105952819
B	21014.133613923404
B	17052.081659766915
B	26456.692857868933
B	45232.349330221106
B	22213.977493176895
B	11390.605927423348
B	46005.58125633997
B	21511.402334587896
B	19244.994930964578
B	118550.81722976362
B	10688.662524977544
B	213661.83663564586
B	73906.7017511892
B	14663.732339712593
B	19291.563367003557
B	7423.594190429442
B	13829.48196178735
B	15868.718552927956
B	154769.5467890559
B	106941.22349506864
B	12020.133438790355
B	7760.6855660924775
B	17987.92159305223
B	10162.245610220252
B	29406.885039673693
B	34389.092617827904
B	51510.05367347245
B	77169.93220635067
B	9260.099049036848
B	26452.178952802158
B	4151.054821664458
B	47682.79741417418
B	63670.03567887101
B	100588.93553774123
B	130766.66767476873
B	67481.61146908032
B	13494.607470554456
B	2734.510701942447
B	113042.06153784212
B	19881.62314018212
B	27422.878047278387
B	899.7987068332052
B	35453.55046488216
B	21917.618620065456
B	419391.4469981235
B	24967.103241294408
B	46116.650035230385
B	45664.88293090485
B	15893.98157897458
B	188960.54417750763
B	21909.758839162783
B	12456.8522928369
B	80549.95472404073
B	3186.459582453767
B	81819.71655073654
B	29806.471645043915
B	23948.649353601322
B	73170.16179381996
B	22163.007550690367
B	37384.27025902575
B	31836.913493593576
B	14454.559282658653
B	141792.245730141
B	30054.34643185162
B	52453.95482190605
B	156211.32522481092
B	11688.624964915125
B	4435.878491060781
B	25058.120465143416
B	17213.806831784583
B	14212.649767481269
B	10373.867450328155
B	2086.7955774781026
B	13245.839159851395
B	11907.914047704258
B	4977.114905540956
B	23156.97901382666
B	59264.54603965144
B	91418.60220530292
B	62743.40029973543
B	18701.334634073777
B	70675.88661352202
B	26404.777802211767
B	208282.0039701024
B	190568.0323703161
B	24766.029208401247
B	10739.177110034836
B	12572.098813049635
B	6996.550279666105
B	16548.20637950132
B	158896.73454992694
B	62149.54906522423
B	8529.227913390954
B	12892.841837473678
B	3215.2006501987557
B	46513.72291180606
B	6961.867646064328
B	44368.636140687195
B	24958.203601883346
B	64915.94764611546
B	2162.113262929607
B	131201.5541601513
B	22481.172876949415
B	6571.507013446215
B	11206.120140463727
B	44511.3693835662
B	5273.040986411156
B	31696.95724411336
B	23096.96522818948
B	2449.0139827548896
B	9263.799325073467
B	25055.429183935667
B	34636.293305400126
B	135008.98761255966
B	82002.5590700365
B	318879.49452186713
B	52373.22456507325
B	140301.27636060823
B	16484.92915085621
B	52952.60205336039
B	10386.194596526997
B	13682.653971497208
B	178641.28910887605
B	55830.25623616176
B	60718.659126895145
B	27615.20060352604
B	23750.449843247967
B	5273.840926974225
B	39346.4681100627
B	46488.16126602999
B	43179.189146669174
B	111868.7775499873
B	12771.045149134812
B	136658.14214054882
B	93285.67025903214
B	8539.216296829558
B	4191.129656934472
B	50115.08649146971
B	116822.80658299002
B	9626.063613279704
B	7085.22374555844
B	23496.93585077397
B	60493.46770571472
B	141220.89630399502
B	90852.23823526948
B	67119.61900861798
B	115355.25453043329
B	57379.92909601597
B	16878.29142800807
B	5143.385559962093
B	11796.704565248336
B	29163.8988986504
B	56300.28344769183
B	27694.00880184606
B	303730.48785268265
B	165938.3024804214
B	72245.97333098917
B	169874.89689766482
B	115190.38303025365
B	11496.518424533006
B	8694.639924768391
B	25874.431002785386
B	77880.15813163178
B	32633.55576471517
B	114056.81289296191
B	3356.98784893544
B	59707.39494362439
B	10145.385893874096
B	41161.006064830166
B	39654.0820533527
B	26665.192550949592
B	27114.60843725527
B	303576.6723833864
B	34803.564584637454
B	39604.012031725724
B	5756.3612373973565
B	28501.56535659836
B	18686.84881951569
B	14238.486254182899
B	30134.811160775873
B	1915.983911142406
B	11367.588017320784
B	166896.9994625168
B	7944.068419750944
B	38002.14160623621
B	12845.598241392281
B	6640.734602518577
B	601719.6944197111
B	34239.24162345053
B	10006.802600975558
B	101869.31597039448
B	12368.410399251183
B	33741.275981907806
B	951722.2526855596
B	9850.034755547962
B	206486.05608886873
B	25974.31049471418
B	10981.670403913842
B	67604.1590479185
B	24320.709397250062
B	89372.03978822358
B	65219.54901834024
B	18812.596524376364
B	13297.61355364541
B	43685.77335019334
B	292250.3118742514
B	24101.000416677147
B	56054.258350349635
B	14833.840564707485
B	46016.886620118625
B	8898.797839913097
B	19401.99098174072
B	10046.062957655406
B	10099.676422063414
B	458.9836929117247
B	28911.058326917882
B	57716.73971313131
B	176247.32911530198
B	117786.13331970057
B	39492.12496411922
B	14813.606443335315
B	18224.502172029042
B	5425.830763794346
B	29080.06189575282
B	31125.710210213874
B	4081.162835670451
B	11408.477924357843
B	14217.815527348646
B	41694.87381867838
B	787450.031537944
B	17829.72920009095
B	64685.82294355581
B	21171.535090708454
B	55978.64148962143
B	76941.03958214204
B	99841.72814779039
B	38071.37189275243
B	8019.932807454327
B	26247.197046074307
B	44024.09722192963
B	75358.08187730607
B	15763.560281690638
B	30323.228056368862
B	44058.31597656098
B	32284.37612696571
B	5462.094916455616
B	7827.72189932539
B	7622.018672725091
B	55338.284369830806
B	95699.79631645774
B	34417.93050570623
B	20637.868432067313
B	24786.69902162265
